"","light_phase","network","block","treatment","day","time","location","focal_individual","behaviour","social_partner","partner_response","notes","patch_partner"
"1","dark",1,1,"twelve",1,"8:32 AM","1","J","mating","U","N/A","","U"
"2","dark",1,1,"twelve",1,"8:33 AM","5","F","mating","N","N/A","","N"
"3","dark",1,1,"twelve",1,"8:35 AM","10","H","mating","T","N/A","","T"
"4","dark",1,1,"twelve",1,"8:36 AM","7","C","mating","P","N/A","","P"
"5","dark",1,1,"twelve",1,"8:49 AM","1","J","mating","X","N/A","","X"
"6","dark",1,1,"twelve",1,"8:50 AM","11","A","mating","W","Walked around","","W"
"7","dark",1,1,"twelve",1,"9:05 AM","2","E","mating","S","Left 2 with .4 on her","","S"
"8","dark",1,1,"twelve",1,"9:12 AM","10","H","mating","O","N/A","","O"
"9","dark",1,1,"twelve",1,"9:34 AM","Outside 3","K","mating","Q","Running around","","Q"
"10","dark",1,1,"twelve",1,"10:21 AM","4","B","mating","W","Running around, left 4","","W"
"11","dark",1,1,"twelve",1,"11:12 AM","9","F","mating","X","Walking around, entered 8","","X"
"12","dark",1,1,"twelve",1,"12:26 PM","Open","K","mating","X","Running around","","X"
"13","dark",1,1,"twelve",1,"12:46 PM","Open","B","mating","V","Running around, entered 2","","V"
"14","dark",1,1,"twelve",1,"1:28 PM","4","D","mating","M","Walked around","","M"
"15","dark",1,1,"twelve",1,"1:46 PM","Outside 1","E","mating","R","","","R"
"16","dark",1,1,"twelve",1,"2:10 PM","Outside 10","L","mating","S","Walk around","","S"
"17","dark",1,1,"twelve",1,"2:42 PM","Open","H","mating","U","","","U"
"18","dark",1,1,"twelve",1,"3:06 PM","Open","B","mating","R","Walking around","","R"
"19","dark",1,1,"twelve",1,"3:31 PM","Outside 7","G","mating","M","Walking around","","M"
"20","dark",1,1,"twelve",1,"3:33 PM","Open","D","mating","U","Walking around","","U"
"21","dark",1,1,"twelve",2,"11:27 AM","12","L","mating","N","Run around","Ran into 0: and 7. (all remained together after)","N"
"22","dark",1,1,"twelve",2,"12:47 PM","8","A","mating","M","N/A","","M"
"23","dark",1,1,"twelve",2,"1:03 PM","7","J","mating","O","N/A","","O"
"24","dark",1,1,"twelve",2,"1:45 PM","9","H","mating","X","N/A","","X"
"25","dark",1,1,"twelve",2,"3:19 PM","1","D","mating","U","N/A","","U"
"26","dark",1,1,"twelve",3,"11:09 AM","10","E","mating","S","Running around","","S"
"27","dark",1,1,"twelve",3,"11:17 AM","10","I","mating","S","Ran away","Running around with .8 on her and pushed .4 out of the shelter and .2 out of aggregation","S"
"28","dark",1,1,"twelve",3,"12:24 PM","10","C","mating","O","N/A","","O"
"29","dark",1,1,"twelve",3,"1:27 PM","Feeder","G","mating","U","Ran and entered 8",".0 tried to get on top too abd caused 6. to dismount","U"
"30","dark",1,1,"twelve",3,"2:39 PM","3","B","mating","U","N/A","","U"
"31","dark",1,1,"twelve",3,"2:47 PM","11","F","mating","X","Pressed against wall","Pinched into corner, hard to tell if this was a successful mating but it did last >30 seconds","X"
"32","dark",1,1,"twelve",3,"3:45 PM","7","L","mating","M","N/A","Pushed .6 off","M"
"33","dark",1,1,"twelve",3,"4:20 PM","8","H","mating","P","Walking around","","P"
"34","dark",1,1,"twelve",3,"4:40 PM","Open","K","mating","U","Walking around","","U"
"35","dark",1,1,"twelve",3,"5:01 PM","Open","B","mating","P","","","P"
"36","dark",1,1,"twelve",4,"9:25 AM","10","B","mating","P","ran into group of bugs","could not see if .1 was in mating position ","P"
"37","dark",1,1,"twelve",4,"11:05 AM","10","I","mating","V","N/A","","V"
"38","dark",1,1,"twelve",4,"2:21 PM","10","I","mating","V","Walked into group of bugs","","V"
"39","dark",1,1,"twelve",4,"4:06 PM","2","F","mating","P","Walking around","","P"
"40","dark",1,1,"twelve",4,"4:10 PM","2","E","mating","P","Running around","Got mounted by .2 too, left 2 while on 3.","P"
"41","dark",1,1,"twelve",5,"9:13 AM","10","G","mating","T","7. moved towards the cluster of other bugs","","T"
"42","dark",1,1,"twelve",5,"11:35 AM","7","L","mating","P","tried to run and pin against wall","exited 7 while :1 was on her","P"
"43","dark",1,1,"twelve",5,"12:10 PM","8","A","mating","N","walked around, ran out of shelter","","N"
"44","dark",1,1,"twelve",5,"12:13 PM","outside 8","E","mating","M","walking around","","M"
"45","dark",1,1,"twelve",5,"12:14 PM","outside 8","H","mating","M","Entered shelter1","Displaced .4","M"
"46","dark",1,1,"twelve",5,"12:40 PM","10","B","mating","W","walking around","","W"
"47","dark",1,1,"twelve",5,"1:07 PM","10","G","mating","W","Walking around","","W"
"48","dark",1,1,"twelve",5,"1:18 PM","8","C","mating","N","N/A","","N"
"49","dark",1,1,"twelve",5,"1:39 PM","Open","F","mating","P","","","P"
"50","dark",1,1,"twelve",5,"1:46 PM","open","A","mating","T","Staying still","I accidentally kicked the table and may have prematurely ended this","T"
"51","dark",1,1,"twelve",5,"1:56 PM","Outside 7","F","mating","V","Walking around","","V"
"52","dark",1,1,"twelve",5,"3:48 PM","8","C","mating","W","walking around","","W"
"53","dark",1,1,"twelve",5,"3:49 PM","11","B","mating","T","N/A","","T"
"54","dark",1,1,"twelve",5,"4:02 PM","10","H","mating","T","N/A","","T"
"55","dark",1,1,"twelve",5,"4:28 PM","Outside 2","D","mating","W","Ran away after","","W"
"56","dark",1,1,"twelve",6,"9:48 AM","7","A","mating","V","ran away",".0 stayed on top after, 9. got away after","V"
"57","dark",1,1,"twelve",6,"10:23 AM","10","B","mating","T","7. ran into wall","","T"
"58","dark",1,1,"twelve",6,"10:46 AM","11","J","mating","U","N/A","8. bumped .9 before .9 jumped on, .9 rearranged  a few times and stayed on","U"
"59","dark",1,1,"twelve",6,"12:18 PM","8","C","mating","V","N/A","","V"
"60","dark",1,1,"twelve",6,"12:42 PM","outside 10","B","mating","X","walking around","","X"
"61","dark",1,1,"twelve",6,"12:45 PM","10","F","mating","T","N/A","","T"
"62","dark",1,1,"twelve",6,"12:50 PM","8","C","mating","X","N/A","","X"
"63","dark",1,1,"twelve",6,"1:33 PM","10","G","mating","V","N/A","","V"
"64","dark",1,1,"twelve",6,"2:12 PM","1","H","mating","M","N/A","","M"
"65","dark",1,1,"twelve",6,"2:23 PM","1","E","mating","M","walking around","","M"
"66","dark",2,1,"two",1,"8:40 AM","1","I","mating","Q","","","Q"
"67","dark",2,1,"two",1,"8:41 AM","Outside","C","mating","T","","","T"
"68","dark",2,1,"two",1,"8:41 AM","1","A","mating","S","","","S"
"69","dark",2,1,"two",1,"8:42 AM","2","H","mating","R","Walking around in shelter","","R"
"70","dark",2,1,"two",1,"8:48 AM","2","G","mating","X","","","X"
"71","dark",2,1,"two",1,"8:49 AM","2","J","mating","U","","","U"
"72","dark",2,1,"two",1,"8:52 AM","1","K","mating","S","","","S"
"73","dark",2,1,"two",1,"8:53 AM","1","I","mating","Q","","","Q"
"74","dark",2,1,"two",1,"8:56 AM","1","B","mating","Q","","","Q"
"75","dark",2,1,"two",1,"9:02 AM","1","I","mating","O","","","O"
"76","dark",2,1,"two",1,"9:07 AM","2","F","mating","N","","","N"
"77","dark",2,1,"two",1,"9:20 AM","1","I","mating","O","","Maybe mating??","O"
"78","dark",2,1,"two",1,"10:09 AM","1","I","mating","T","Walk out of shelter 1 with .8 on her","","T"
"79","dark",2,1,"two",1,"10:13 AM","2","G","mating","W","N/A","","W"
"80","dark",2,1,"two",1,"10:20 AM","Outside","I","mating","Q","Walk around","","Q"
"81","dark",2,1,"two",1,"11:12 AM","Outside","J","mating","V","N/A","","V"
"82","dark",2,1,"two",1,"11:32 AM","Outside","F","mating","T","Walk around","","T"
"83","dark",2,1,"two",1,"11:42 AM","Outside","E","mating","U","","","U"
"84","dark",2,1,"two",1,"12:45 PM","Outside","D","mating","V","N/A","","V"
"85","dark",2,1,"two",1,"1:26 PM","Outsude","C","mating","Q","N/A","","Q"
"86","dark",2,1,"two",1,"1:26 PM","Outside","D","mating","V","N/A","","V"
"87","dark",2,1,"two",1,"2:13 PM","Outside","B","mating","M","N/A","","M"
"88","dark",2,1,"two",1,"3:35 PM","Outside","F","mating","P","N/A","","P"
"89","dark",2,1,"two",2,"11:27 AM","2","H","mating","S","na","","S"
"90","dark",2,1,"two",2,"1:10 PM","Outside 1","C","mating","U","","","U"
"91","dark",2,1,"two",2,"2:43 PM","Outside","B","mating","Q","","","Q"
"92","dark",2,1,"two",2,"4:09 PM","outside","F","mating","U","","","U"
"93","dark",2,1,"two",2,"4:27 PM","1","F","mating","T","","","T"
"94","dark",2,1,"two",3,"12:24 PM","2","B","mating","W","na","","W"
"95","dark",2,1,"two",3,"1:14 PM","1","L","mating","W","na","","W"
"96","dark",2,1,"two",3,"1:34 PM","outside","J","mating","Q",NA,"","Q"
"97","dark",2,1,"two",3,"1:34 PM","outside 2","E","mating","X","","","X"
"98","dark",2,1,"two",3,"1:48 PM","outside 2","G","mating","U","walking around","","U"
"99","dark",2,1,"two",3,"1:56 PM","outside","B","mating","N","walking around","","N"
"100","dark",2,1,"two",3,"2:01 PM","outside","H","mating","Q","","","Q"
"101","dark",2,1,"two",3,"3:09 PM","1","I","mating","W",NA,"","W"
"102","dark",2,1,"two",3,"3:16 PM","outside 2","D","mating","O","","","O"
"103","dark",2,1,"two",3,"3:34 PM","1","I","mating","W","walking around","","W"
"104","dark",2,1,"two",3,"4:30 PM","1","I","mating","U","ran around and out of shelter","","U"
"105","dark",2,1,"two",3,"4:40 PM","2","F","mating","W","walked around","","W"
"106","dark",2,1,"two",4,"10:46 AM","outside","I","mating","S","N/A then walked","6. moved to enterance of 2, .5 jumped on","S"
"107","dark",2,1,"two",4,"2:42 PM","outside","G","mating","U","stayed still then walked away after","","U"
"108","dark",2,1,"two",4,"3:15 PM","1","A","mating","X","na","","X"
"109","dark",2,1,"two",5,"9:30 AM","outside","B","mating","N","N/A","","N"
"110","dark",2,1,"two",5,"9:32 AM","1","D","mating","V","N/A",".3 remained on 9.","V"
"111","dark",2,1,"two",5,"10:17 AM","out","B","mating","N","N/A","","N"
"112","dark",2,1,"two",5,"12:22 PM","outside","B","mating","T","N/A","","T"
"113","dark",2,1,"two",5,"12:37 PM","out","F","mating","P","walked around","","P"
"114","dark",2,1,"two",5,"12:41 PM","outside","F","mating","O","walked around","","O"
"115","dark",2,1,"two",5,"12:43 PM","outside","B","mating","R","N/A","","R"
"116","dark",2,1,"two",5,"2:17 PM","2","J","mating","M","","","M"
"117","dark",2,1,"two",5,"2:40 PM","outside","B","mating","O","","","O"
"118","dark",2,1,"two",5,"3:30 PM","2","J","mating","T","","","T"
"119","dark",2,1,"two",5,"3:34 PM","outside 2","H","mating","T","stayed still","","T"
"120","dark",2,1,"two",5,"4:43 PM","2","H","mating","X","","","X"
"121","dark",2,1,"two",6,"12:37 PM","1","A","mating","V","na ","","V"
"122","dark",2,1,"two",6,"1:01 PM","1","F","mating","O","","","O"
"123","dark",2,1,"two",6,"1:42 PM","1","F","mating","V","","","V"
"124","dark",2,1,"two",6,"2:45 PM","2","H","mating","W","na","","W"
"125","dark",2,1,"two",6,"3:30 PM","2","K","mating","X","staying still","","X"
"126","dark",2,1,"two",6,"3:37 PM","2","B","mating","X","","","X"
"127","dark",3,2,"twelve",1,"8:32 AM","1","G","mating","W","stayed still","","W"
"128","dark",3,2,"twelve",1,"8:32 AM","8","D","mating","N","stayed still","","N"
"129","dark",3,2,"twelve",1,"8:32 AM","2","K","mating","P","stayed still","","P"
"130","dark",3,2,"twelve",1,"8:38 AM","1","G","mating","R","stayed still","","R"
"131","dark",3,2,"twelve",1,"8:43 AM","10","B","mating","U","stayed still","","U"
"132","dark",3,2,"twelve",1,"8:45 AM","7","E","mating","W","stayed still","","W"
"133","dark",3,2,"twelve",1,"10:37 AM","8","J","mating","M","","","M"
"134","dark",3,2,"twelve",1,"10:49 AM","outside 7","L","mating","M","walk around a little","","M"
"135","dark",3,2,"twelve",1,"12:14 PM","outside 11","I","mating","T","walked around and into 11, then ran back out; shaking a lot, entered 5 ","","T"
"136","dark",3,2,"twelve",1,"12:34 PM","outside 7","L","mating","W","stayed still","","W"
"137","dark",3,2,"twelve",1,"1:16 PM","open","H","mating","R","running around and shaking vigorously","continued riding on 5. for several minutes after mating finished","R"
"138","dark",3,2,"twelve",1,"1:21 PM","open","I","mating","X","","","X"
"139","dark",3,2,"twelve",1,"1:35 PM","open","G","mating","Q","walked around","","Q"
"140","dark",3,2,"twelve",1,"2:25 PM","open","D","mating","Q","walked around","","Q"
"141","dark",3,2,"twelve",1,"2:40 PM","open","B","mating","N","","","N"
"142","dark",3,2,"twelve",1,"4:46 PM","outside 3","C","mating","W","walked around and into shelter 5","","W"
"143","dark",3,2,"twelve",2,"10:39 AM","outside","H","mating","Q","N/A","4. started walking around at 10:40, tried to climb up wall at 10:41, fully climbed on wall at 10:43","Q"
"144","dark",3,2,"twelve",2,"11:17 AM","outside","H","mating","Q","N/A","4. started walking at 11:18 AM, climbed up on shelter 11 at 11:20 AM, climbed on wall at 11:24 AM, stopped walking at 11:26 AM, started again at 11:27 AM, stopped at 11:30 AM, seperated at 11:31 AM","Q"
"145","dark",3,2,"twelve",2,"11:36 AM","outside","H","mating","Q","walked","","Q"
"146","dark",3,2,"twelve",2,"1:23 PM","open","I","mating","Q","stayed still then walked around","","Q"
"147","dark",3,2,"twelve",2,"1:25 PM","open","H","mating","N","walked around a bit","","N"
"148","dark",3,2,"twelve",2,"2:35 PM","9","B","mating","T","na","","T"
"149","dark",3,2,"twelve",2,"3:16 PM","outside 5","D","mating","Q","stayed still","","Q"
"150","dark",3,2,"twelve",2,"3:24 PM","open","H","mating","Q","walked around","","Q"
"151","dark",3,2,"twelve",2,"4:06 PM","open","H","mating","W","walking around","","W"
"152","dark",3,2,"twelve",2,"4:45 PM","4","G","mating","O","na","","O"
"153","dark",3,2,"twelve",3,"1:15 PM","open","D","mating","Q","","","Q"
"154","dark",3,2,"twelve",3,"1:33 PM","outside 7","L","mating","O","stayed still for a bit, then entered shelter 7","","O"
"155","dark",3,2,"twelve",3,"1:42 PM","open","E","mating","X","stayed still","","X"
"156","dark",3,2,"twelve",3,"2:37 PM","open","C","mating","S","stayed still for about a minute, then started running around and entered 10","","S"
"157","dark",3,2,"twelve",3,"2:42 PM","outside 1","K","mating","P","walking around","","P"
"158","dark",3,2,"twelve",3,"3:46 PM","outside 7","K","mating","R","walked around; then stayed still for a while","","R"
"159","dark",3,2,"twelve",3,"4:49 PM","10","L","mating","W","stayed still","","W"
"160","dark",3,2,"twelve",4,"2:45 PM","open","K","mating","Q","stayed still then walked around for a bit","","Q"
"161","dark",3,2,"twelve",5,"10:34 AM","8","J","mating","P","3. ran away but .9 stayed on 3.'s back ","","P"
"162","dark",3,2,"twelve",5,"11:39 AM","8","J","mating","R","na","stayed In contact ","R"
"163","dark",3,2,"twelve",5,"12:17 PM","8","J","mating","T","na","","T"
"164","dark",3,2,"twelve",5,"1:00 PM","11","H","mating","Q","walking around then left shelter after","","Q"
"165","dark",3,2,"twelve",5,"1:10 PM","2","G","mating","U","","","U"
"166","dark",3,2,"twelve",5,"1:15 PM","outside 1","K","mating","V","walking around","","V"
"167","dark",3,2,"twelve",5,"1:20 PM","outside 1","F","mating","T","","","T"
"168","dark",3,2,"twelve",5,"1:25 PM","open","I","mating","P","","","P"
"169","dark",3,2,"twelve",5,"1:28 PM","1","F","mating","N","","","N"
"170","dark",3,2,"twelve",5,"1:30 PM","open","H","mating","Q","ran around, tried to climb wall, flipped upside down","","Q"
"171","dark",3,2,"twelve",5,"2:32 PM","7","E","mating","V","stayed still against wall","","V"
"172","dark",3,2,"twelve",5,"2:48 PM","7","E","mating","M","","","M"
"173","dark",3,2,"twelve",5,"3:12 PM","outside 7","E","mating","R","walking around a bit","","R"
"174","dark",3,2,"twelve",5,"3:21 PM","3","L","mating","Q","","","Q"
"175","dark",3,2,"twelve",6,"1:31 PM","1","G","mating","W","walking around","","W"
"176","dark",3,2,"twelve",6,"1:33 PM","open","J","mating","R","tried to run away at first, then stayed still","","R"
"177","dark",3,2,"twelve",6,"1:49 PM","1","E","mating","W","","","W"
"178","dark",3,2,"twelve",6,"2:42 PM","outside 8","K","mating","W","running around","","W"
"179","dark",3,2,"twelve",6,"4:32 PM","12","I","mating","W","na","","W"
"180","dark",4,2,"two",1,"8:32 AM","2","E","mating","N","stayed still","","N"
"181","dark",4,2,"two",1,"8:33 AM","open","G","mating","P","walked around and into shelter 1","","P"
"182","dark",4,2,"two",1,"8:34 AM","open","L","mating","U","stayed still in big group of bedbugs at corner of arena","","U"
"183","dark",4,2,"two",1,"8:34 AM","1","D","mating","X","stayed still","","X"
"184","dark",4,2,"two",1,"8:36 AM","open","K","mating","T","walking around","","T"
"185","dark",4,2,"two",1,"8:37 AM","open","L","mating","R","","","R"
"186","dark",4,2,"two",1,"8:37 AM","open","C","mating","P","stayed still","","P"
"187","dark",4,2,"two",1,"8:39 AM","open","K","mating","T","tried to run away at first, then walked around during mating","","T"
"188","dark",4,2,"two",1,"8:42 AM","open","L","mating","O","","","O"
"189","dark",4,2,"two",1,"8:43 AM","2","H","mating","N","stayed still","","N"
"190","dark",4,2,"two",1,"8:44 AM","open","I","mating","T","walking around",".2 tried to mount 7. while .8 was mating with her","T"
"191","dark",4,2,"two",1,"8:45 AM","1","G","mating","Q","stayed still","","Q"
"192","dark",4,2,"two",1,"8:46 AM","open","F","mating","R","stayed still","","R"
"193","dark",4,2,"two",1,"8:47 AM","open","C","mating","T","walking around","","T"
"194","dark",4,2,"two",1,"8:58 AM","2","I","mating","Q","upside down, staying still","","Q"
"195","dark",4,2,"two",1,"9:08 AM","1","D","mating","W","staying still","","W"
"196","dark",4,2,"two",1,"9:14 AM","open","F","mating","W","walking around","","W"
"197","dark",4,2,"two",1,"9:18 AM","open","B","mating","X","walking around","","X"
"198","dark",4,2,"two",1,"9:23 AM","open","C","mating","V","stayed still","","V"
"199","dark",4,2,"two",1,"9:26 AM","open","G","mating","O","stayed still","","O"
"200","dark",4,2,"two",1,"9:34 AM","open","J","mating","M","walking around and entered shelter 1","","M"
"201","dark",4,2,"two",1,"11:04 AM","open","H","mating","V","stayed still","","V"
"202","dark",4,2,"two",1,"11:06 AM","open","B","mating","O","stayed still in corner of arena","","O"
"203","dark",4,2,"two",1,"12:44 PM","open","C","mating","N","ran around","","N"
"204","dark",4,2,"two",1,"1:12 PM","open","F","mating","M","stayed still","","M"
"205","dark",4,2,"two",1,"2:18 PM","open","F","mating","S","walking around","","S"
"206","dark",4,2,"two",1,"2:23 PM","open","H","mating","Q","","","Q"
"207","dark",4,2,"two",1,"4:05 PM","open","H","mating","P","walking around","","P"
"208","dark",4,2,"two",1,"4:34 PM","open","A","mating","P","shaking and walking around","","P"
"209","dark",4,2,"two",2,"9:55 AM","2","D","mating","X","1: ran out of the shelter with .3 clinging unto her back ","","X"
"210","dark",4,2,"two",2,".10:52 AM","2","G","mating","Q","moved around but .6 held on ","","Q"
"211","dark",4,2,"two",2,"12:26 PM","1","B","mating","U","tried to move around shelter",".1 clung on ","U"
"212","dark",4,2,"two",2,"12:36 PM","open ","D","mating","U","was pressed up against glass, tried to move away but couldn’t ","","U"
"213","dark",4,2,"two",2,"12:40 PM","2","I","mating","R","tried to move around shelter, .8 clung on ","","R"
"214","dark",4,2,"two",2,"1:06 PM","1","L","mating","T","ran out of shelter ","","T"
"215","dark",4,2,"two",2,"2:21 PM","open","H","mating","U","","","U"
"216","dark",4,2,"two",2,"2:27 PM","open","H","mating","O","stayed still","","O"
"217","dark",4,2,"two",2,"2:35 PM","open","H","mating","X","running around","","X"
"218","dark",4,2,"two",3,"9:29 AM","2","H","mating","N","moved around shelter","","N"
"219","dark",4,2,"two",3,"11:13 AM","open ","E","mating","U","tried to move with .4 on her back ","Stayed on top of her as she ran for over a minute ","U"
"220","dark",4,2,"two",3,"11:30 AM","open ","B","mating","T","ran away . But male stayed on her back ","","T"
"221","dark",4,2,"two",3,"11:36 AM","open ","E","mating","R","tried to move but was trapped against glass ",".4 stayed on top as she tried to move for around 5 minutes ","R"
"222","dark",4,2,"two",3,"12:01 PM","open ","E","mating","U","tried to move, male clung on ","","U"
"223","dark",4,2,"two",3,"12:21 PM","open ","E","mating","N","tried to run but male hung on ","","N"
"224","dark",4,2,"two",3,"12:42 PM","open ","L","mating","T","tried to run away but :1 held on ","","T"
"225","dark",4,2,"two",3,"1:48 PM","2","G","mating","U","","","U"
"226","dark",4,2,"two",3,"2:35 PM","1","D","mating","S","","","S"
"227","dark",4,2,"two",3,"2:39 PM","open ","B","mating","P","walked around into corner","","P"
"228","dark",4,2,"two",3,"3:23 PM","open ","B","mating","P","walked around a bit","","P"
"229","dark",4,2,"two",4,"11:42 AM","outside","G","mating","N","N/A","","N"
"230","dark",4,2,"two",4,"12:35 PM","outside 1","A","mating","M","N/A","","M"
"231","dark",4,2,"two",4,"1:08 PM","2","C","mating","Q","","","Q"
"232","dark",4,2,"two",4,"1:27 PM","2","F","mating","P","","","P"
"233","dark",4,2,"two",4,"3:40 PM","open","H","mating","W","running around","","W"
"234","dark",4,2,"two",4,"4:28 PM","open","B","mating","O","stayed still","","O"
"235","dark",4,2,"two",4,"4:34 PM","open","B","mating","N","walking around","","N"
"236","dark",4,2,"two",5,"10:19 AM","2","C","mating","P","turned around in place","stayed mounted till 10:22 AM","P"
"237","dark",4,2,"two",5,"10:47 AM","outside 2","H","mating","N","walked around","","N"
"238","dark",4,2,"two",5,"11:25 AM","outside 1","D","mating","X","ran away with .3 on top","","X"
"239","dark",4,2,"two",5,"11:36 AM","2","E","mating","S","ran into corner","","S"
"240","dark",4,2,"two",5,"11:38 AM","outside","H","mating","M","N/A","got off at 11:39 AM","M"
"241","dark",4,2,"two",5,"12:05 PM","outside","H","mating","M","walked around with .7 on top","","M"
"242","dark",4,2,"two",5,"12:46 PM","outside","A","mating","M","N/A","","M"
"243","dark",4,2,"two",5,"1:25 PM","2","J","mating","R","walked out of shelter","walked back into shelter about 5 min later","R"
"244","dark",4,2,"two",5,"3:19 PM","open","H","mating","X","stayed still","","X"
"245","dark",4,2,"two",5,"4:03 PM","2","H","mating","Q","walking around in shelter","","Q"
"246","dark",4,2,"two",5,"4:41 PM","open","H","mating","R","was on wall","","R"
"247","dark",4,2,"two",5,"5:02 PM","2","J","mating","R","","","R"
"248","dark",4,2,"two",6,"12:17 PM","2","I","mating","N","na","remained in contact after","N"
"249","dark",5,3,"two",1,"8:33 AM","1","L","mating","U","staying still","","U"
"250","dark",5,3,"two",1,"8:33 AM","outside 2","K","mating","M","staying still","","M"
"251","dark",5,3,"two",1,"8:35 AM","open","F","mating","V","","","V"
"252","dark",5,3,"two",1,"8:35 AM","open","D","mating","S","","","S"
"253","dark",5,3,"two",1,"8:35 AM","open","H","mating","T","","","T"
"254","dark",5,3,"two",1,"8:42 AM","open","A","mating","W","","","W"
"255","dark",5,3,"two",1,"8:46 AM","open","H","mating","W","staying still; then walking around","","W"
"256","dark",5,3,"two",1,"9:05 AM","1","J","mating","N","staying still","","N"
"257","dark",5,3,"two",1,"9:10 AM","1","L","mating","O","staying still","","O"
"258","dark",5,3,"two",1,"9:11 AM","1","C","mating","M","","","M"
"259","dark",5,3,"two",1,"9:13 AM","open","J","mating","O","","","O"
"260","dark",5,3,"two",1,"9:25 AM","open","D","mating","X","staying still","","X"
"261","dark",5,3,"two",1,"9:39 AM","open","B","mating","Q","staying still","","Q"
"262","dark",5,3,"two",1,"9:45 AM","outside 2","G","mating","R","","","R"
"263","dark",5,3,"two",1,"10:46 AM","open","D","mating","O","","","O"
"264","dark",5,3,"two",1,"1:50 PM","outside 1","F","mating","N","stayed still","","N"
"265","dark",5,3,"two",1,"2:14 PM","open","F","mating","V","","","V"
"266","dark",5,3,"two",1,"3:17 PM","open","L","mating","N","walked around with :1 on top","","N"
"267","dark",5,3,"two",1,"3:40 PM","open","A","mating","V",NA,"","V"
"268","dark",5,3,"two",2,"9:44 AM","2","C","mating","U","","","U"
"269","dark",5,3,"two",2,"9:47 AM","2","H","mating","S","","","S"
"270","dark",5,3,"two",2,"1:33 PM","1","D","mating","O",NA,"","O"
"271","dark",5,3,"two",2,"3:17 PM","open","K","mating","U","NA, started walkig at 3:18 PM","","U"
"272","dark",5,3,"two",3,"11:19 AM","1","J","mating","O","walked around","","O"
"273","dark",5,3,"two",3,"11:25 AM","open","K","mating","O",NA,"","O"
"274","dark",5,3,"two",3,"12:19 PM","2","C","mating","T","ran into corner","","T"
"275","dark",5,3,"two",3,"12:21 PM","open","F","mating","P",NA,"","P"
"276","dark",5,3,"two",3,"2:16 PM","2","H","mating","S","staying still","this broke up the large aggregation ","S"
"277","dark",5,3,"two",3,"2:22 PM","outside 2","A","mating","R","ran into shelter with .0 on her","","R"
"278","dark",5,3,"two",4,"10:28 AM","1","I","mating","S","6. moved around","","S"
"279","dark",5,3,"two",4,"11:06 AM","2","A","mating","U","","","U"
"280","dark",5,3,"two",4,"11:10 AM","2","E","mating","W","ran outside of shelter with .4 on her","","W"
"281","dark",5,3,"two",5,"9:30 AM","open","I","mating","M","walked around","got under on the left side, got off at 9:35 AM and didn't try to re mount","M"
"282","dark",5,3,"two",5,"1:43 PM","open","A","mating","M","staying still; then started walking around after a while","lasting a long time (>3 minutes)","M"
"283","dark",5,3,"two",5,"1:49 PM","open","I","mating","V","trying very hard to shake .8 off ","from left side but looked like a mating??","V"
"284","dark",5,3,"two",5,"2:23 PM","open","A","mating","R","ran into shelter 1, then back out","","R"
"285","dark",5,3,"two",5,"2:27 PM","open","K","mating","M","staying still","","M"
"286","dark",5,3,"two",5,"2:40 PM","open","A","mating","T","stayed still then walked around a bit","","T"
"287","dark",5,3,"two",5,"3:04 PM","open","G","mating","M","stayed still","","M"
"288","dark",5,3,"two",5,"3:12 PM","open","A","mating","V","staying still","","V"
"289","dark",5,3,"two",6,"11:25 AM","open","D","mating","M",NA,"0. approached enterance of 1, .3 came out to mate","M"
"290","dark",5,3,"two",6,"3:41 PM","open","J","mating","M","shook and entered 2, walked into corner","","M"
"291","dark",6,3,"twelve",1,"8:32 AM","open","F","mating","Q","staying still","","Q"
"292","dark",6,3,"twelve",1,"8:33 AM","open","D","mating","W","","","W"
"293","dark",6,3,"twelve",1,"8:42 AM","3","A","mating","M","staying still","","M"
"294","dark",6,3,"twelve",1,"9:04 AM","9","D","mating","V","staying still","","V"
"295","dark",6,3,"twelve",1,"9:07 AM","3","B","mating","M","staying still","","M"
"296","dark",6,3,"twelve",1,"9:08 AM","3","K","mating","X","staying still","","X"
"297","dark",6,3,"twelve",1,"9:24 AM","outside 3","K","mating","O","staying still","","O"
"298","dark",6,3,"twelve",1,"9:25 AM","open","L","mating","R","staying still","","R"
"299","dark",6,3,"twelve",1,"10:21 AM","outside 8","F","mating","X","staying still","","X"
"300","dark",6,3,"twelve",1,"10:47 AM","outside 4","E","mating","N","staying still","","N"
"301","dark",6,3,"twelve",1,"11:16 AM","open","C","mating","S","walking around a bit","","S"
"302","dark",6,3,"twelve",1,"11:24 AM","open","G","mating","P","","","P"
"303","dark",6,3,"twelve",1,"11:37 AM","open","C","mating","R","staying still","","R"
"304","dark",6,3,"twelve",1,"12:01 PM","open","B","mating","R","walking around","","R"
"305","dark",6,3,"twelve",1,"12:24 PM","open","H","mating","Q","staying still","","Q"
"306","dark",6,3,"twelve",1,"12:34 PM","open","C","mating","T","staying still","","T"
"307","dark",6,3,"twelve",1,"12:43 PM","open","K","mating","Q","staying still","","Q"
"308","dark",6,3,"twelve",1,"12:45 PM","open","G","mating","U","na","","U"
"309","dark",6,3,"twelve",1,"12:46 PM","open","J","mating","Q","staying still; then walking around ","","Q"
"310","dark",6,3,"twelve",1,"1:21 PM","open","L","mating","X","walking around; went to feeder and attemped to feed?","","X"
"311","dark",6,3,"twelve",3,"1:12 PM","open","I","mating","M","staying still","","M"
"312","dark",6,3,"twelve",3,"1:36 PM","6","L","mating","M","staying still","","M"
"313","dark",6,3,"twelve",3,"2:41 PM","outside 11","D","mating","M","staying still","","M"
"314","dark",6,3,"twelve",3,"2:42 PM","outside 3","G","mating","P","staying still","","P"
"315","dark",6,3,"twelve",3,"3:04 PM","open","L","mating","S","walking around; entered 12","","S"
"316","dark",6,3,"twelve",3,"4:39 PM","12","L","mating","T","staying still","","T"
"317","dark",6,3,"twelve",4,"11:39 AM","12","L","mating","T",NA,"","T"
"318","dark",6,3,"twelve",4,"12:23 PM","open","C","mating","U","shook","male got off at 12:25 PM","U"
"319","dark",6,3,"twelve",5,"11:33 AM","open","L","mating","Q","started walking at 11:35 AM, pushed against wall and shook","male got off on their own at 11:38 AM","Q"
"320","dark",6,3,"twelve",5,"1:00 PM","outside 12","L","mating","R","staying still","","R"
"321","dark",6,3,"twelve",5,"2:22 PM","5","H","mating","M","staying still","","M"
"322","dark",6,3,"twelve",5,"2:28 PM","outside 3","G","mating","X","staying still, then entered shetler 3","","X"
"323","dark",6,3,"twelve",5,"3:05 PM","11","F","mating","W","walked around and left shelter","","W"
"324","light",1,1,"twelve",3,"5:24:54 PM","10","G","mating","P","na","","P"
"325","light",1,1,"twelve",5,"4:14:21 AM","7","L","mating","P","tried to move away ","","P"
"326","light",2,1,"two",2,"2:03:59 AM","2","unknown","mating","unknown","front bug shook","",NA
"327","light",2,1,"two",6,"12:42:05 AM","1","C","mating","U","walked around into .0 and group","","U"
"328","light",3,2,"twelve",1,"5:16:25 PM","2","K","mating","X","started walking around and pushing :0 into wall at 17:23","male got off at 20:25","X"
"329","light",3,2,"twelve",1,"5:22:59 PM","11","G","mating","R",NA,"male got off at 23:52","R"
"330","light",3,2,"twelve",2,"5:11:26 PM","9","B","mating","Q","moved around","","Q"
"331","light",3,2,"twelve",3,"5:25:10 PM","3","H","mating","M","started walking at 25:49","","M"
"332","light",3,2,"twelve",3,"5:13:01 PM","5","D","mating","S","ran away","","S"
"333","light",3,2,"twelve",3,"5:08:04 PM","8","K","mating","R",NA,"","R"
"334","light",3,2,"twelve",4,"5:02:31 PM","10","K","mating","N",NA,"","N"
"335","light",3,2,"twelve",4,"5:03:01 PM","7","L","mating","R","tried running away","","R"
"336","light",3,2,"twelve",4,"1:53:27 AM","10","K","mating","N",NA,"","N"
"337","light",3,2,"twelve",5,"5:07:40 PM","11","F","mating","Q","moved away slightly but remained under","","Q"
"338","light",3,2,"twelve",5,"10:23:29 PM","11","F","mating","Q",NA,"*difficult to see if female is 4.","Q"
"339","light",4,2,"two",1,"5:26:08 PM","2","J","mating","R","ran into corner","","R"
"340","light",4,2,"two",1,"5:32:47 PM","open","F","mating","N","moved away","","N"
"341","light",4,2,"two",1,"5:28:44 PM","open","K","mating","S",NA,"male got off at 29:32","S"
"342","light",4,2,"two",1,"6:22:50 PM","open","F","mating","P","shook slightly","","P"
"343","light",4,2,"two",2,"5:00:51 PM","1","F","mating","S","moved around",".5 re mounted 6. after it ran away","S"
"344","light",4,2,"two",2,"1:39:59 AM","2","E","mating","N","shook","","N"
"345","light",4,2,"two",4,"5:08:33 PM","open","J","mating","Q",NA,"","Q"
"346","light",4,2,"two",5,"4:09:56 AM","2","I","mating","V","","","V"
"347","light",4,2,"two",5,"3:17:34 AM","2","I","mating","N","moved into group","","N"
"348","light",4,2,"two",5,"2:15:12 AM","2","J","mating","N","walked around","male got off at 22:36","N"
"349","light",4,2,"two",6,"6:39:15 PM","1","F","mating","X",NA,"was shaking before mount","X"
"350","light",4,2,"two",6,"7:17:10 AM","2","I","mating","T",NA,"","T"
"351","light",4,2,"two",6,"7:21:16 AM","2","J","mating","T","shook","","T"
"352","light",5,3,"two",1,"6:26:37 PM","open","C","mating","W","","","W"
"353","light",5,3,"two",2,"7:55:28 PM","2","I","mating","U","turned in place","male got off at 10:36","U"
"354","light",5,3,"two",2,"5:16:49 PM","1","J","mating","U","moved into group of bugs","male got off at 19:27","U"
"355","light",5,3,"two",2,"5:23:28 PM","1","J","mating","U","ran away","male got off at 27:43","U"
"356","light",5,3,"two",2,"5:02:16 PM","open","I","mating","O","walked forward periodically","5. bumped back of .8","O"
"357","light",5,3,"two",2,"5:05:44 PM","open","I","mating","O","walked around",":0 bumped back of .8 at 5:43","O"
"358","light",5,3,"two",3,"5:01:24 PM","2","F","mating","W",NA,"","W"
"359","light",5,3,"two",3,"2:14:48 AM","1","D","mating","V",NA,"","V"
"360","light",5,3,"two",3,"4:26:25 AM","2","B","mating","W",NA,"","W"
"361","light",5,3,"two",4,"5:23:56 PM","2","F","mating","V","moved into group of bugs","male got off at 26:36","V"
"362","light",5,3,"two",4,"3:30:46 AM","2","K","mating","X",NA,"","X"
"363","light",5,3,"two",5,"8:33:52 PM","1","G","mating","T",NA,"","T"
"364","light",6,3,"twelve",1,"11:25:18 PM","12","A","mating","Q",NA,"","Q"
"365","light",6,3,"twelve",2,"5:03:22 PM","11","C","mating","O","walked around","","O"
"366","light",6,3,"twelve",4,"8:09:23 AM","10","F","mating","S",NA,"male got off at 23:06","S"
"367","light",6,3,"twelve",4,"5:05:16 AM","3","G","mating","Q",NA,"male got off at 6:18","Q"
"368","light",6,3,"twelve",4,"3:56:37 AM","3","G","mating","X","started walking at 23:43","","X"
"369","light",6,3,"twelve",4,"1:29:27 AM","12","L","mating","T","moved into corner","","T"
"370","light",6,3,"twelve",4,"5:37:40 PM","10","F","mating","S","moved into corner","male got off at 5:46","S"
"371","light",6,3,"twelve",5,"12:48:17 AM","11","I","mating","N","moved into corner","male got off at 1:01","N"
"372","light",6,3,"twelve",5,"5:26:43 PM","5","B","mating","M",NA,"","M"
